Phone,PhoneList,PhoneFunc
(391) 267-6855,1. (391) 267-6855,(391) 267-6855
(886) 212-8885,2. (886) 212-8885,(886) 212-8885
(160) 379-8593,3. (160) 379-8593,(160) 379-8593
(793) 106-2461,4. (793) 106-2461,(793) 106-2461
(153) 279-7096,5. (153) 279-7096,(153) 279-7096
(431) 747-5826,6. (431) 747-5826,(431) 747-5826
(619) 343-8640,7. (619) 343-8640,(619) 343-8640
(984) 338-1567,8. (984) 338-1567,(984) 338-1567
(711) 335-6858,9. (711) 335-6858,(711) 335-6858
(269) 806-5804,10. (269) 806-5804,(269) 806-5804
(774) 981-9136,11. (774) 981-9136,(774) 981-9136
(367) 234-5181,12. (367) 234-5181,(367) 234-5181
(593) 273-7826,13. (593) 273-7826,(593) 273-7826
(859) 638-5526,14. (859) 638-5526,(859) 638-5526
(814) 224-7382,15. (814) 224-7382,(814) 224-7382
(898) 988-9476,16. (898) 988-9476,(898) 988-9476
(955) 375-8937,17. (955) 375-8937,(955) 375-8937
(250) 851-9076,18. (250) 851-9076,(250) 851-9076
(228) 300-7252,19. (228) 300-7252,(228) 300-7252
(223) 332-6080,20. (223) 332-6080,(223) 332-6080
(229) 324-4072,21. (229) 324-4072,(229) 324-4072
(365) 875-2780,22. (365) 875-2780,(365) 875-2780
(269) 287-4934,23. (269) 287-4934,(269) 287-4934
(851) 680-6915,24. (851) 680-6915,(851) 680-6915
(581) 135-8459,25. (581) 135-8459,(581) 135-8459
(318) 160-9917,26. (318) 160-9917,(318) 160-9917
(409) 111-3727,27. (409) 111-3727,(409) 111-3727
(828) 446-5550,28. (828) 446-5550,(828) 446-5550
(576) 630-4780,29. (576) 630-4780,(576) 630-4780
(596) 153-1164,30. (596) 153-1164,(596) 153-1164
(231) 530-1734,31. (231) 530-1734,(231) 530-1734
(758) 162-0186,32. (758) 162-0186,(758) 162-0186
(749) 452-6505,33. (749) 452-6505,(749) 452-6505
(691) 214-2397,34. (691) 214-2397,(691) 214-2397
(790) 921-5732,35. (790) 921-5732,(790) 921-5732
(779) 887-9839,36. (779) 887-9839,(779) 887-9839
(717) 472-4465,37. (717) 472-4465,(717) 472-4465
(608) 559-9973,38. (608) 559-9973,(608) 559-9973
(393) 926-5830,39. (393) 926-5830,(393) 926-5830
(495) 921-1660,40. (495) 921-1660,(495) 921-1660
(927) 813-0566,41. (927) 813-0566,(927) 813-0566
(839) 892-0244,42. (839) 892-0244,(839) 892-0244
(107) 203-4050,43. (107) 203-4050,(107) 203-4050
(473) 419-1074,44. (473) 419-1074,(473) 419-1074
(144) 230-5402,45. (144) 230-5402,(144) 230-5402
(913) 318-4562,46. (913) 318-4562,(913) 318-4562
(708) 306-7591,47. (708) 306-7591,(708) 306-7591
(906) 290-8867,48. (906) 290-8867,(906) 290-8867
(453) 146-7475,49. (453) 146-7475,(453) 146-7475
(490) 223-3233,50. (490) 223-3233,(490) 223-3233
(885) 652-8295,51. (885) 652-8295,(885) 652-8295
(959) 125-9354,52. (959) 125-9354,(959) 125-9354
(218) 861-3210,53. (218) 861-3210,(218) 861-3210
(878) 215-3973,54. (878) 215-3973,(878) 215-3973
(391) 343-6896,55. (391) 343-6896,(391) 343-6896
(107) 917-1315,56. (107) 917-1315,(107) 917-1315
(410) 571-2738,57. (410) 571-2738,(410) 571-2738
(771) 130-8911,58. (771) 130-8911,(771) 130-8911
(979) 247-0589,59. (979) 247-0589,(979) 247-0589
(805) 943-3596,60. (805) 943-3596,(805) 943-3596
(688) 366-6894,61. (688) 366-6894,(688) 366-6894
(473) 230-7147,62. (473) 230-7147,(473) 230-7147
(104) 486-4980,63. (104) 486-4980,(104) 486-4980
(692) 677-4773,64. (692) 677-4773,(692) 677-4773
(983) 262-9919,65. (983) 262-9919,(983) 262-9919
(969) 596-4564,66. (969) 596-4564,(969) 596-4564
(505) 691-1974,67. (505) 691-1974,(505) 691-1974
(223) 997-4602,68. (223) 997-4602,(223) 997-4602
(963) 173-7323,69. (963) 173-7323,(963) 173-7323
(209) 934-9575,70. (209) 934-9575,(209) 934-9575
(588) 170-0362,71. (588) 170-0362,(588) 170-0362
(696) 681-0652,72. (696) 681-0652,(696) 681-0652
(531) 397-0239,73. (531) 397-0239,(531) 397-0239
(697) 769-7162,74. (697) 769-7162,(697) 769-7162
(590) 989-5625,75. (590) 989-5625,(590) 989-5625
(177) 936-2062,76. (177) 936-2062,(177) 936-2062
(577) 812-7646,77. (577) 812-7646,(577) 812-7646
(801) 176-7291,78. (801) 176-7291,(801) 176-7291
(782) 493-4042,79. (782) 493-4042,(782) 493-4042
(395) 621-1313,80. (395) 621-1313,(395) 621-1313
(703) 619-3947,81. (703) 619-3947,(703) 619-3947
(531) 883-2470,82. (531) 883-2470,(531) 883-2470
(529) 217-6635,83. (529) 217-6635,(529) 217-6635
(782) 906-4512,84. (782) 906-4512,(782) 906-4512
(412) 141-0897,85. (412) 141-0897,(412) 141-0897
(797) 309-7070,86. (797) 309-7070,(797) 309-7070
(674) 462-6481,87. (674) 462-6481,(674) 462-6481
(700) 689-2931,88. (700) 689-2931,(700) 689-2931
(595) 410-9175,89. (595) 410-9175,(595) 410-9175
(417) 652-9683,90. (417) 652-9683,(417) 652-9683
(392) 890-3118,91. (392) 890-3118,(392) 890-3118
(754) 960-5978,92. (754) 960-5978,(754) 960-5978
(280) 659-5977,93. (280) 659-5977,(280) 659-5977
(197) 334-8121,94. (197) 334-8121,(197) 334-8121
(151) 372-5184,95. (151) 372-5184,(151) 372-5184
(263) 575-4704,96. (263) 575-4704,(263) 575-4704
(718) 719-4507,97. (718) 719-4507,(718) 719-4507
(921) 343-7280,98. (921) 343-7280,(921) 343-7280
(245) 973-0966,99. (245) 973-0966,(245) 973-0966
(683) 115-7203,100. (683) 115-7203,(683) 115-7203
(747) 154-7096,101. (747) 154-7096,(747) 154-7096
(226) 912-3403,102. (226) 912-3403,(226) 912-3403
(669) 101-2675,103. (669) 101-2675,(669) 101-2675
(537) 685-7804,104. (537) 685-7804,(537) 685-7804
(558) 415-3654,105. (558) 415-3654,(558) 415-3654
(566) 206-3855,106. (566) 206-3855,(566) 206-3855
(287) 767-4167,107. (287) 767-4167,(287) 767-4167
(219) 991-9912,108. (219) 991-9912,(219) 991-9912
(809) 783-0166,109. (809) 783-0166,(809) 783-0166
(818) 654-8058,110. (818) 654-8058,(818) 654-8058
(506) 175-3930,111. (506) 175-3930,(506) 175-3930
(336) 291-6210,112. (336) 291-6210,(336) 291-6210
(252) 123-1727,113. (252) 123-1727,(252) 123-1727
(608) 735-7444,114. (608) 735-7444,(608) 735-7444
(128) 676-7536,115. (128) 676-7536,(128) 676-7536
(323) 788-2952,116. (323) 788-2952,(323) 788-2952
(742) 635-1570,117. (742) 635-1570,(742) 635-1570
(685) 570-8579,118. (685) 570-8579,(685) 570-8579
(696) 304-1376,119. (696) 304-1376,(696) 304-1376
(587) 925-4411,120. (587) 925-4411,(587) 925-4411
(982) 876-4879,121. (982) 876-4879,(982) 876-4879
(741) 359-8858,122. (741) 359-8858,(741) 359-8858
(219) 683-8476,123. (219) 683-8476,(219) 683-8476
(577) 375-5320,124. (577) 375-5320,(577) 375-5320
(736) 881-0095,125. (736) 881-0095,(736) 881-0095
(212) 188-1296,126. (212) 188-1296,(212) 188-1296
(478) 564-6067,127. (478) 564-6067,(478) 564-6067
(987) 218-9876,128. (987) 218-9876,(987) 218-9876
(295) 104-9405,129. (295) 104-9405,(295) 104-9405
(440) 798-7142,130. (440) 798-7142,(440) 798-7142
(108) 986-1884,131. (108) 986-1884,(108) 986-1884
(137) 783-7135,132. (137) 783-7135,(137) 783-7135
(471) 694-5781,133. (471) 694-5781,(471) 694-5781
(702) 536-6779,134. (702) 536-6779,(702) 536-6779
(894) 433-0133,135. (894) 433-0133,(894) 433-0133
(921) 983-5503,136. (921) 983-5503,(921) 983-5503
(716) 733-0931,137. (716) 733-0931,(716) 733-0931
(858) 909-2458,138. (858) 909-2458,(858) 909-2458
(619) 446-4942,139. (619) 446-4942,(619) 446-4942
(344) 835-1717,140. (344) 835-1717,(344) 835-1717
(659) 406-1619,141. (659) 406-1619,(659) 406-1619
(941) 495-9335,142. (941) 495-9335,(941) 495-9335
(378) 492-7451,143. (378) 492-7451,(378) 492-7451
(492) 752-2753,144. (492) 752-2753,(492) 752-2753
(496) 970-2430,145. (496) 970-2430,(496) 970-2430
(845) 998-4207,146. (845) 998-4207,(845) 998-4207
(123) 628-9773,147. (123) 628-9773,(123) 628-9773
(514) 972-5364,148. (514) 972-5364,(514) 972-5364
(708) 708-8025,149. (708) 708-8025,(708) 708-8025
(977) 701-1215,150. (977) 701-1215,(977) 701-1215
(158) 467-7892,151. (158) 467-7892,(158) 467-7892
(369) 303-7089,152. (369) 303-7089,(369) 303-7089
(767) 630-6629,153. (767) 630-6629,(767) 630-6629
(210) 405-9341,154. (210) 405-9341,(210) 405-9341
(664) 519-1389,155. (664) 519-1389,(664) 519-1389
(978) 218-0374,156. (978) 218-0374,(978) 218-0374
(646) 151-8986,157. (646) 151-8986,(646) 151-8986
(580) 728-8138,158. (580) 728-8138,(580) 728-8138
(576) 619-0592,159. (576) 619-0592,(576) 619-0592
(774) 971-3363,160. (774) 971-3363,(774) 971-3363
(277) 622-3899,161. (277) 622-3899,(277) 622-3899
(653) 673-0155,162. (653) 673-0155,(653) 673-0155
(348) 780-1054,163. (348) 780-1054,(348) 780-1054
(146) 613-7585,164. (146) 613-7585,(146) 613-7585
(779) 919-4582,165. (779) 919-4582,(779) 919-4582
(236) 912-2167,166. (236) 912-2167,(236) 912-2167
(971) 845-3272,167. (971) 845-3272,(971) 845-3272
(757) 772-0801,168. (757) 772-0801,(757) 772-0801
(644) 718-7475,169. (644) 718-7475,(644) 718-7475
(383) 736-3878,170. (383) 736-3878,(383) 736-3878
(629) 379-9310,171. (629) 379-9310,(629) 379-9310
(652) 974-3523,172. (652) 974-3523,(652) 974-3523
(608) 264-5667,173. (608) 264-5667,(608) 264-5667
(389) 728-5467,174. (389) 728-5467,(389) 728-5467
(162) 989-6607,175. (162) 989-6607,(162) 989-6607
(795) 844-4034,176. (795) 844-4034,(795) 844-4034
(247) 662-7399,177. (247) 662-7399,(247) 662-7399
(718) 333-2560,178. (718) 333-2560,(718) 333-2560
(790) 955-2937,179. (790) 955-2937,(790) 955-2937
(989) 968-6689,180. (989) 968-6689,(989) 968-6689
(807) 546-7370,181. (807) 546-7370,(807) 546-7370
(116) 362-8416,182. (116) 362-8416,(116) 362-8416
(656) 609-1567,183. (656) 609-1567,(656) 609-1567
(951) 193-7301,184. (951) 193-7301,(951) 193-7301
(891) 947-7101,185. (891) 947-7101,(891) 947-7101
(269) 686-3725,186. (269) 686-3725,(269) 686-3725
(400) 333-6330,187. (400) 333-6330,(400) 333-6330
(379) 294-9636,188. (379) 294-9636,(379) 294-9636
(480) 243-6798,189. (480) 243-6798,(480) 243-6798
(419) 694-0092,190. (419) 694-0092,(419) 694-0092
(710) 322-3253,191. (710) 322-3253,(710) 322-3253
(962) 568-5379,192. (962) 568-5379,(962) 568-5379
(184) 341-8326,193. (184) 341-8326,(184) 341-8326
(390) 473-4187,194. (390) 473-4187,(390) 473-4187
(215) 266-5634,195. (215) 266-5634,(215) 266-5634
(286) 104-7998,196. (286) 104-7998,(286) 104-7998
(640) 412-0509,197. (640) 412-0509,(640) 412-0509
(550) 258-4023,198. (550) 258-4023,(550) 258-4023
(379) 585-5514,199. (379) 585-5514,(379) 585-5514
(177) 317-6379,200. (177) 317-6379,(177) 317-6379
(810) 790-8166,201. (810) 790-8166,(810) 790-8166
(285) 600-1526,202. (285) 600-1526,(285) 600-1526
(343) 533-3370,203. (343) 533-3370,(343) 533-3370
(179) 242-8251,204. (179) 242-8251,(179) 242-8251
(407) 241-3476,205. (407) 241-3476,(407) 241-3476
(550) 403-5883,206. (550) 403-5883,(550) 403-5883
(748) 514-7455,207. (748) 514-7455,(748) 514-7455
(912) 624-4217,208. (912) 624-4217,(912) 624-4217
(303) 440-0806,209. (303) 440-0806,(303) 440-0806
(929) 216-6259,210. (929) 216-6259,(929) 216-6259
(347) 543-6702,211. (347) 543-6702,(347) 543-6702
(553) 867-6907,212. (553) 867-6907,(553) 867-6907
(880) 547-0550,213. (880) 547-0550,(880) 547-0550
(788) 282-8256,214. (788) 282-8256,(788) 282-8256
(990) 879-4915,215. (990) 879-4915,(990) 879-4915
(969) 652-7948,216. (969) 652-7948,(969) 652-7948
(101) 405-8388,217. (101) 405-8388,(101) 405-8388
(946) 982-2765,218. (946) 982-2765,(946) 982-2765
(468) 617-0197,219. (468) 617-0197,(468) 617-0197
(105) 905-6988,220. (105) 905-6988,(105) 905-6988
(621) 589-8688,221. (621) 589-8688,(621) 589-8688
(250) 556-7851,222. (250) 556-7851,(250) 556-7851
(365) 198-9054,223. (365) 198-9054,(365) 198-9054
(788) 763-9090,224. (788) 763-9090,(788) 763-9090
(437) 717-2934,225. (437) 717-2934,(437) 717-2934
(745) 671-7455,226. (745) 671-7455,(745) 671-7455
(444) 235-3430,227. (444) 235-3430,(444) 235-3430
(154) 950-1136,228. (154) 950-1136,(154) 950-1136
(303) 967-2909,229. (303) 967-2909,(303) 967-2909
(481) 816-1656,230. (481) 816-1656,(481) 816-1656
(422) 236-4690,231. (422) 236-4690,(422) 236-4690
(203) 247-9971,232. (203) 247-9971,(203) 247-9971
(963) 120-5556,233. (963) 120-5556,(963) 120-5556
(677) 385-4854,234. (677) 385-4854,(677) 385-4854
(592) 128-7445,235. (592) 128-7445,(592) 128-7445
(715) 280-0086,236. (715) 280-0086,(715) 280-0086
(596) 689-7835,237. (596) 689-7835,(596) 689-7835
(492) 266-9606,238. (492) 266-9606,(492) 266-9606
(970) 641-6228,239. (970) 641-6228,(970) 641-6228
(144) 664-1095,240. (144) 664-1095,(144) 664-1095
(940) 529-5744,241. (940) 529-5744,(940) 529-5744
(847) 894-1320,242. (847) 894-1320,(847) 894-1320
(364) 494-5721,243. (364) 494-5721,(364) 494-5721
(777) 624-6222,244. (777) 624-6222,(777) 624-6222
(510) 290-2540,245. (510) 290-2540,(510) 290-2540
(380) 972-9734,246. (380) 972-9734,(380) 972-9734
(860) 935-6422,247. (860) 935-6422,(860) 935-6422
(721) 250-3989,248. (721) 250-3989,(721) 250-3989
(858) 547-7436,249. (858) 547-7436,(858) 547-7436
(902) 859-8116,250. (902) 859-8116,(902) 859-8116
(295) 977-9816,251. (295) 977-9816,(295) 977-9816
(462) 322-7096,252. (462) 322-7096,(462) 322-7096
(932) 779-9947,253. (932) 779-9947,(932) 779-9947
(952) 992-6493,254. (952) 992-6493,(952) 992-6493
(753) 315-3399,255. (753) 315-3399,(753) 315-3399
(311) 542-4881,256. (311) 542-4881,(311) 542-4881
(507) 225-0818,257. (507) 225-0818,(507) 225-0818
(998) 875-4875,258. (998) 875-4875,(998) 875-4875
(801) 251-0033,259. (801) 251-0033,(801) 251-0033
(411) 725-2951,260. (411) 725-2951,(411) 725-2951
(891) 480-8428,261. (891) 480-8428,(891) 480-8428
(103) 846-3083,262. (103) 846-3083,(103) 846-3083
(934) 120-8371,263. (934) 120-8371,(934) 120-8371
(344) 102-6790,264. (344) 102-6790,(344) 102-6790
(899) 756-0861,265. (899) 756-0861,(899) 756-0861
(202) 658-5246,266. (202) 658-5246,(202) 658-5246
(594) 522-8427,267. (594) 522-8427,(594) 522-8427
(681) 366-0280,268. (681) 366-0280,(681) 366-0280
(767) 668-3970,269. (767) 668-3970,(767) 668-3970
(887) 579-9618,270. (887) 579-9618,(887) 579-9618
(841) 652-1687,271. (841) 652-1687,(841) 652-1687
(772) 308-1481,272. (772) 308-1481,(772) 308-1481
(261) 662-1885,273. (261) 662-1885,(261) 662-1885
(180) 551-2262,274. (180) 551-2262,(180) 551-2262
(874) 719-6054,275. (874) 719-6054,(874) 719-6054
(314) 227-4190,276. (314) 227-4190,(314) 227-4190
(881) 415-2100,277. (881) 415-2100,(881) 415-2100
(274) 243-7659,278. (274) 243-7659,(274) 243-7659
(134) 166-5124,279. (134) 166-5124,(134) 166-5124
(813) 417-3586,280. (813) 417-3586,(813) 417-3586
(889) 996-5499,281. (889) 996-5499,(889) 996-5499
(359) 260-7327,282. (359) 260-7327,(359) 260-7327
(837) 827-3260,283. (837) 827-3260,(837) 827-3260
(859) 503-1972,284. (859) 503-1972,(859) 503-1972
(153) 328-9370,285. (153) 328-9370,(153) 328-9370
(837) 443-8333,286. (837) 443-8333,(837) 443-8333
(323) 132-0422,287. (323) 132-0422,(323) 132-0422
(334) 501-8923,288. (334) 501-8923,(334) 501-8923
(481) 132-6645,289. (481) 132-6645,(481) 132-6645
(724) 150-2874,290. (724) 150-2874,(724) 150-2874
(978) 400-4466,291. (978) 400-4466,(978) 400-4466
(932) 239-0248,292. (932) 239-0248,(932) 239-0248
(239) 922-5344,293. (239) 922-5344,(239) 922-5344
(970) 196-7547,294. (970) 196-7547,(970) 196-7547
(320) 115-9586,295. (320) 115-9586,(320) 115-9586
(110) 138-1982,296. (110) 138-1982,(110) 138-1982
(208) 285-0615,297. (208) 285-0615,(208) 285-0615
(391) 415-7710,298. (391) 415-7710,(391) 415-7710
(494) 934-2761,299. (494) 934-2761,(494) 934-2761
(437) 748-6127,300. (437) 748-6127,(437) 748-6127
(672) 112-6297,301. (672) 112-6297,(672) 112-6297
(940) 192-5774,302. (940) 192-5774,(940) 192-5774
(455) 585-4959,303. (455) 585-4959,(455) 585-4959
(861) 637-3411,304. (861) 637-3411,(861) 637-3411
(116) 138-6978,305. (116) 138-6978,(116) 138-6978
(740) 795-8609,306. (740) 795-8609,(740) 795-8609
(867) 551-1679,307. (867) 551-1679,(867) 551-1679
(300) 176-6570,308. (300) 176-6570,(300) 176-6570
(629) 145-8995,309. (629) 145-8995,(629) 145-8995
(617) 645-4474,310. (617) 645-4474,(617) 645-4474
(581) 630-2617,311. (581) 630-2617,(581) 630-2617
(134) 941-5582,312. (134) 941-5582,(134) 941-5582
(109) 639-4320,313. (109) 639-4320,(109) 639-4320
(386) 348-2352,314. (386) 348-2352,(386) 348-2352
(511) 869-7966,315. (511) 869-7966,(511) 869-7966
(165) 106-4490,316. (165) 106-4490,(165) 106-4490
(965) 694-8154,317. (965) 694-8154,(965) 694-8154
(922) 347-6307,318. (922) 347-6307,(922) 347-6307
(577) 847-6420,319. (577) 847-6420,(577) 847-6420
(480) 932-9559,320. (480) 932-9559,(480) 932-9559
(952) 461-7247,321. (952) 461-7247,(952) 461-7247
(133) 395-6027,322. (133) 395-6027,(133) 395-6027
(924) 414-9744,323. (924) 414-9744,(924) 414-9744
(144) 973-4775,324. (144) 973-4775,(144) 973-4775
(682) 822-0223,325. (682) 822-0223,(682) 822-0223
(186) 758-0234,326. (186) 758-0234,(186) 758-0234
(116) 384-6430,327. (116) 384-6430,(116) 384-6430
(347) 720-2732,328. (347) 720-2732,(347) 720-2732
(332) 528-9848,329. (332) 528-9848,(332) 528-9848
(765) 754-0221,330. (765) 754-0221,(765) 754-0221
(625) 968-3880,331. (625) 968-3880,(625) 968-3880
(682) 213-0871,332. (682) 213-0871,(682) 213-0871
(432) 181-3654,333. (432) 181-3654,(432) 181-3654
(357) 360-1744,334. (357) 360-1744,(357) 360-1744
(780) 328-2089,335. (780) 328-2089,(780) 328-2089
(321) 715-4124,336. (321) 715-4124,(321) 715-4124
(374) 689-1592,337. (374) 689-1592,(374) 689-1592
(828) 126-3207,338. (828) 126-3207,(828) 126-3207
(916) 155-3061,339. (916) 155-3061,(916) 155-3061
(363) 525-0953,340. (363) 525-0953,(363) 525-0953
(119) 341-6191,341. (119) 341-6191,(119) 341-6191
(932) 711-9647,342. (932) 711-9647,(932) 711-9647
(434) 412-3326,343. (434) 412-3326,(434) 412-3326
(188) 147-0871,344. (188) 147-0871,(188) 147-0871
(668) 445-1100,345. (668) 445-1100,(668) 445-1100
(912) 567-8046,346. (912) 567-8046,(912) 567-8046
(534) 761-2889,347. (534) 761-2889,(534) 761-2889
(551) 264-6362,348. (551) 264-6362,(551) 264-6362
(597) 425-5571,349. (597) 425-5571,(597) 425-5571
(249) 869-5929,350. (249) 869-5929,(249) 869-5929
(853) 976-4274,351. (853) 976-4274,(853) 976-4274
(924) 531-0225,352. (924) 531-0225,(924) 531-0225
(418) 148-8392,353. (418) 148-8392,(418) 148-8392
(425) 512-3815,354. (425) 512-3815,(425) 512-3815
(558) 736-6831,355. (558) 736-6831,(558) 736-6831
(223) 559-9188,356. (223) 559-9188,(223) 559-9188
(857) 449-5018,357. (857) 449-5018,(857) 449-5018
(857) 366-8697,358. (857) 366-8697,(857) 366-8697
(812) 108-3880,359. (812) 108-3880,(812) 108-3880
(821) 138-4177,360. (821) 138-4177,(821) 138-4177
(394) 748-7508,361. (394) 748-7508,(394) 748-7508
(734) 669-5412,362. (734) 669-5412,(734) 669-5412
(328) 733-0873,363. (328) 733-0873,(328) 733-0873
(181) 502-4590,364. (181) 502-4590,(181) 502-4590
(167) 150-7351,365. (167) 150-7351,(167) 150-7351
(379) 300-7078,366. (379) 300-7078,(379) 300-7078
(320) 295-9643,367. (320) 295-9643,(320) 295-9643
(840) 647-9147,368. (840) 647-9147,(840) 647-9147
(162) 719-1476,369. (162) 719-1476,(162) 719-1476
(922) 981-8475,370. (922) 981-8475,(922) 981-8475
(853) 309-9745,371. (853) 309-9745,(853) 309-9745
(626) 839-5644,372. (626) 839-5644,(626) 839-5644
(862) 719-1381,373. (862) 719-1381,(862) 719-1381
(940) 833-5188,374. (940) 833-5188,(940) 833-5188
(910) 284-8203,375. (910) 284-8203,(910) 284-8203
(692) 754-3936,376. (692) 754-3936,(692) 754-3936
(444) 811-7300,377. (444) 811-7300,(444) 811-7300
(944) 669-0406,378. (944) 669-0406,(944) 669-0406
(718) 922-6513,379. (718) 922-6513,(718) 922-6513
(782) 942-7278,380. (782) 942-7278,(782) 942-7278
(210) 477-2633,381. (210) 477-2633,(210) 477-2633
(550) 881-6958,382. (550) 881-6958,(550) 881-6958
(192) 332-4812,383. (192) 332-4812,(192) 332-4812
(298) 759-2400,384. (298) 759-2400,(298) 759-2400
(226) 919-9520,385. (226) 919-9520,(226) 919-9520
(855) 427-6808,386. (855) 427-6808,(855) 427-6808
(330) 630-5431,387. (330) 630-5431,(330) 630-5431
(716) 737-8964,388. (716) 737-8964,(716) 737-8964
(223) 356-7543,389. (223) 356-7543,(223) 356-7543
(840) 697-7176,390. (840) 697-7176,(840) 697-7176
(727) 205-2277,391. (727) 205-2277,(727) 205-2277
(584) 371-4764,392. (584) 371-4764,(584) 371-4764
(249) 388-6438,393. (249) 388-6438,(249) 388-6438
(551) 758-3129,394. (551) 758-3129,(551) 758-3129
(589) 339-6501,395. (589) 339-6501,(589) 339-6501
(610) 251-2672,396. (610) 251-2672,(610) 251-2672
(632) 328-6526,397. (632) 328-6526,(632) 328-6526
(861) 677-7411,398. (861) 677-7411,(861) 677-7411
(276) 329-7416,399. (276) 329-7416,(276) 329-7416
(400) 261-0447,400. (400) 261-0447,(400) 261-0447
(364) 265-6248,401. (364) 265-6248,(364) 265-6248
(592) 611-5944,402. (592) 611-5944,(592) 611-5944
(576) 213-6379,403. (576) 213-6379,(576) 213-6379
(347) 652-9601,404. (347) 652-9601,(347) 652-9601
(101) 330-2170,405. (101) 330-2170,(101) 330-2170
(965) 944-9745,406. (965) 944-9745,(965) 944-9745
(570) 567-3735,407. (570) 567-3735,(570) 567-3735
(361) 333-7040,408. (361) 333-7040,(361) 333-7040
(701) 457-4291,409. (701) 457-4291,(701) 457-4291
(430) 392-0373,410. (430) 392-0373,(430) 392-0373
(614) 693-4208,411. (614) 693-4208,(614) 693-4208
(689) 664-3838,412. (689) 664-3838,(689) 664-3838
(547) 812-9018,413. (547) 812-9018,(547) 812-9018
(653) 518-4855,414. (653) 518-4855,(653) 518-4855
(524) 247-2603,415. (524) 247-2603,(524) 247-2603
(315) 368-5920,416. (315) 368-5920,(315) 368-5920
(963) 632-0918,417. (963) 632-0918,(963) 632-0918
(730) 336-4914,418. (730) 336-4914,(730) 336-4914
(965) 717-8261,419. (965) 717-8261,(965) 717-8261
(821) 895-2607,420. (821) 895-2607,(821) 895-2607
(707) 771-4771,421. (707) 771-4771,(707) 771-4771
(258) 197-1102,422. (258) 197-1102,(258) 197-1102
(763) 413-4387,423. (763) 413-4387,(763) 413-4387
(574) 202-9303,424. (574) 202-9303,(574) 202-9303
(388) 579-0652,425. (388) 579-0652,(388) 579-0652
(222) 904-3269,426. (222) 904-3269,(222) 904-3269
(380) 388-0734,427. (380) 388-0734,(380) 388-0734
(845) 690-2181,428. (845) 690-2181,(845) 690-2181
(611) 768-7775,429. (611) 768-7775,(611) 768-7775
(228) 350-7205,430. (228) 350-7205,(228) 350-7205
(301) 479-3216,431. (301) 479-3216,(301) 479-3216
(848) 718-6422,432. (848) 718-6422,(848) 718-6422
(953) 740-5300,433. (953) 740-5300,(953) 740-5300
(665) 685-7596,434. (665) 685-7596,(665) 685-7596
(474) 346-0581,435. (474) 346-0581,(474) 346-0581
(477) 604-4586,436. (477) 604-4586,(477) 604-4586
(456) 280-5952,437. (456) 280-5952,(456) 280-5952
(637) 365-9129,438. (637) 365-9129,(637) 365-9129
(374) 303-6853,439. (374) 303-6853,(374) 303-6853
(956) 871-1322,440. (956) 871-1322,(956) 871-1322
(952) 864-4609,441. (952) 864-4609,(952) 864-4609
(693) 394-1098,442. (693) 394-1098,(693) 394-1098
(544) 301-9740,443. (544) 301-9740,(544) 301-9740
(817) 144-7753,444. (817) 144-7753,(817) 144-7753
(121) 742-8866,445. (121) 742-8866,(121) 742-8866
(981) 284-7188,446. (981) 284-7188,(981) 284-7188
(765) 439-8765,447. (765) 439-8765,(765) 439-8765
(268) 244-4390,448. (268) 244-4390,(268) 244-4390
(835) 469-4052,449. (835) 469-4052,(835) 469-4052
(998) 380-7031,450. (998) 380-7031,(998) 380-7031
(484) 203-3306,451. (484) 203-3306,(484) 203-3306
(951) 645-9094,452. (951) 645-9094,(951) 645-9094
(877) 880-1445,453. (877) 880-1445,(877) 880-1445
(996) 436-1197,454. (996) 436-1197,(996) 436-1197
(266) 846-2947,455. (266) 846-2947,(266) 846-2947
(524) 141-7649,456. (524) 141-7649,(524) 141-7649
(682) 333-8800,457. (682) 333-8800,(682) 333-8800
(193) 496-6135,458. (193) 496-6135,(193) 496-6135
(327) 574-4923,459. (327) 574-4923,(327) 574-4923
(798) 346-1090,460. (798) 346-1090,(798) 346-1090
(297) 424-9176,461. (297) 424-9176,(297) 424-9176
(840) 898-0847,462. (840) 898-0847,(840) 898-0847
(828) 711-8375,463. (828) 711-8375,(828) 711-8375
(583) 780-1902,464. (583) 780-1902,(583) 780-1902
(354) 941-2428,465. (354) 941-2428,(354) 941-2428
(652) 545-1717,466. (652) 545-1717,(652) 545-1717
(268) 999-1056,467. (268) 999-1056,(268) 999-1056
(159) 387-2527,468. (159) 387-2527,(159) 387-2527
(257) 690-1107,469. (257) 690-1107,(257) 690-1107
(703) 783-8121,470. (703) 783-8121,(703) 783-8121
(151) 761-5460,471. (151) 761-5460,(151) 761-5460
(374) 978-9638,472. (374) 978-9638,(374) 978-9638
(841) 251-1690,473. (841) 251-1690,(841) 251-1690
(832) 623-7518,474. (832) 623-7518,(832) 623-7518
(203) 640-4882,475. (203) 640-4882,(203) 640-4882
(570) 433-0289,476. (570) 433-0289,(570) 433-0289
(790) 600-8499,477. (790) 600-8499,(790) 600-8499
(783) 335-5050,478. (783) 335-5050,(783) 335-5050
(884) 391-2281,479. (884) 391-2281,(884) 391-2281
(808) 872-9058,480. (808) 872-9058,(808) 872-9058
(944) 420-9202,481. (944) 420-9202,(944) 420-9202
(349) 960-3829,482. (349) 960-3829,(349) 960-3829
(197) 563-7700,483. (197) 563-7700,(197) 563-7700
(361) 124-9126,484. (361) 124-9126,(361) 124-9126
(833) 358-0447,485. (833) 358-0447,(833) 358-0447
(661) 659-4343,486. (661) 659-4343,(661) 659-4343
(907) 179-5052,487. (907) 179-5052,(907) 179-5052
(550) 439-3904,488. (550) 439-3904,(550) 439-3904
(351) 855-1909,489. (351) 855-1909,(351) 855-1909
(133) 911-5592,490. (133) 911-5592,(133) 911-5592
(455) 967-4898,491. (455) 967-4898,(455) 967-4898
(350) 808-7714,492. (350) 808-7714,(350) 808-7714
(178) 590-7135,493. (178) 590-7135,(178) 590-7135
(494) 470-3898,494. (494) 470-3898,(494) 470-3898
(938) 687-6152,495. (938) 687-6152,(938) 687-6152
(909) 488-3246,496. (909) 488-3246,(909) 488-3246
(100) 850-1141,497. (100) 850-1141,(100) 850-1141
(887) 274-9491,498. (887) 274-9491,(887) 274-9491
(830) 801-5176,499. (830) 801-5176,(830) 801-5176
(158) 273-8006,500. (158) 273-8006,(158) 273-8006
(553) 185-9330,501. (553) 185-9330,(553) 185-9330
(171) 627-4441,502. (171) 627-4441,(171) 627-4441
(415) 889-9271,503. (415) 889-9271,(415) 889-9271
(435) 316-3234,504. (435) 316-3234,(435) 316-3234
(586) 692-8911,505. (586) 692-8911,(586) 692-8911
(603) 540-3017,506. (603) 540-3017,(603) 540-3017
(947) 120-6861,507. (947) 120-6861,(947) 120-6861
(853) 714-1280,508. (853) 714-1280,(853) 714-1280
(642) 134-1293,509. (642) 134-1293,(642) 134-1293
(538) 913-8503,510. (538) 913-8503,(538) 913-8503
(680) 286-2450,511. (680) 286-2450,(680) 286-2450
(507) 664-8088,512. (507) 664-8088,(507) 664-8088
(559) 345-5792,513. (559) 345-5792,(559) 345-5792
(532) 124-2192,514. (532) 124-2192,(532) 124-2192
(692) 539-4818,515. (692) 539-4818,(692) 539-4818
(365) 479-0595,516. (365) 479-0595,(365) 479-0595
(805) 141-4951,517. (805) 141-4951,(805) 141-4951
(281) 464-7899,518. (281) 464-7899,(281) 464-7899
(721) 951-6548,519. (721) 951-6548,(721) 951-6548
(445) 137-9172,520. (445) 137-9172,(445) 137-9172
(920) 334-3460,521. (920) 334-3460,(920) 334-3460
(128) 182-9397,522. (128) 182-9397,(128) 182-9397
(595) 375-1435,523. (595) 375-1435,(595) 375-1435
(680) 770-2997,524. (680) 770-2997,(680) 770-2997
(577) 798-3584,525. (577) 798-3584,(577) 798-3584
(529) 111-0446,526. (529) 111-0446,(529) 111-0446
(462) 553-0293,527. (462) 553-0293,(462) 553-0293
(233) 926-6063,528. (233) 926-6063,(233) 926-6063
(982) 620-8831,529. (982) 620-8831,(982) 620-8831
(473) 797-7981,530. (473) 797-7981,(473) 797-7981
(568) 859-4591,531. (568) 859-4591,(568) 859-4591
(717) 994-6168,532. (717) 994-6168,(717) 994-6168
(894) 252-7915,533. (894) 252-7915,(894) 252-7915
(237) 755-2961,534. (237) 755-2961,(237) 755-2961
(125) 715-3270,535. (125) 715-3270,(125) 715-3270
(231) 802-8307,536. (231) 802-8307,(231) 802-8307
(290) 915-9627,537. (290) 915-9627,(290) 915-9627
(553) 225-0559,538. (553) 225-0559,(553) 225-0559
(547) 202-4738,539. (547) 202-4738,(547) 202-4738
(956) 809-9828,540. (956) 809-9828,(956) 809-9828
(617) 208-2624,541. (617) 208-2624,(617) 208-2624
(782) 191-2674,542. (782) 191-2674,(782) 191-2674
(681) 180-1441,543. (681) 180-1441,(681) 180-1441
(362) 818-8953,544. (362) 818-8953,(362) 818-8953
(752) 633-7492,545. (752) 633-7492,(752) 633-7492
(953) 143-3817,546. (953) 143-3817,(953) 143-3817
(702) 702-7432,547. (702) 702-7432,(702) 702-7432
(136) 809-2357,548. (136) 809-2357,(136) 809-2357
(562) 448-2552,549. (562) 448-2552,(562) 448-2552
(542) 461-6439,550. (542) 461-6439,(542) 461-6439
(900) 764-3581,551. (900) 764-3581,(900) 764-3581
(576) 619-8921,552. (576) 619-8921,(576) 619-8921
(161) 316-3086,553. (161) 316-3086,(161) 316-3086
(285) 933-5269,554. (285) 933-5269,(285) 933-5269
(509) 658-0437,555. (509) 658-0437,(509) 658-0437
(607) 803-5718,556. (607) 803-5718,(607) 803-5718
(751) 517-1318,557. (751) 517-1318,(751) 517-1318
(335) 909-7291,558. (335) 909-7291,(335) 909-7291
(904) 881-5176,559. (904) 881-5176,(904) 881-5176
(201) 480-7037,560. (201) 480-7037,(201) 480-7037
(732) 213-8766,561. (732) 213-8766,(732) 213-8766
(234) 606-4064,562. (234) 606-4064,(234) 606-4064
(227) 354-2655,563. (227) 354-2655,(227) 354-2655
(853) 750-3981,564. (853) 750-3981,(853) 750-3981
(942) 362-4547,565. (942) 362-4547,(942) 362-4547
(741) 256-4829,566. (741) 256-4829,(741) 256-4829
(957) 742-5788,567. (957) 742-5788,(957) 742-5788
(877) 728-1936,568. (877) 728-1936,(877) 728-1936
(922) 325-7550,569. (922) 325-7550,(922) 325-7550
(931) 458-9833,570. (931) 458-9833,(931) 458-9833
(131) 200-9963,571. (131) 200-9963,(131) 200-9963
(301) 172-5477,572. (301) 172-5477,(301) 172-5477
(874) 899-7233,573. (874) 899-7233,(874) 899-7233
(264) 698-9764,574. (264) 698-9764,(264) 698-9764
(670) 719-9485,575. (670) 719-9485,(670) 719-9485
(858) 807-0297,576. (858) 807-0297,(858) 807-0297
(456) 504-9577,577. (456) 504-9577,(456) 504-9577
(996) 686-6360,578. (996) 686-6360,(996) 686-6360
(369) 999-4165,579. (369) 999-4165,(369) 999-4165
(840) 259-3722,580. (840) 259-3722,(840) 259-3722
(697) 317-7990,581. (697) 317-7990,(697) 317-7990
(143) 828-6724,582. (143) 828-6724,(143) 828-6724
(854) 612-1981,583. (854) 612-1981,(854) 612-1981
(675) 893-8925,584. (675) 893-8925,(675) 893-8925
(556) 244-6833,585. (556) 244-6833,(556) 244-6833
(636) 869-4589,586. (636) 869-4589,(636) 869-4589
(581) 980-8043,587. (581) 980-8043,(581) 980-8043
(704) 599-4392,588. (704) 599-4392,(704) 599-4392
(847) 404-2957,589. (847) 404-2957,(847) 404-2957
(678) 224-3041,590. (678) 224-3041,(678) 224-3041
(767) 228-1649,591. (767) 228-1649,(767) 228-1649
(532) 267-0435,592. (532) 267-0435,(532) 267-0435
(641) 526-3258,593. (641) 526-3258,(641) 526-3258
(216) 822-3528,594. (216) 822-3528,(216) 822-3528
(802) 342-9017,595. (802) 342-9017,(802) 342-9017
(895) 884-7608,596. (895) 884-7608,(895) 884-7608
(545) 757-1987,597. (545) 757-1987,(545) 757-1987
(563) 618-6171,598. (563) 618-6171,(563) 618-6171
(976) 724-1948,599. (976) 724-1948,(976) 724-1948
(444) 932-0565,600. (444) 932-0565,(444) 932-0565
(929) 843-0598,601. (929) 843-0598,(929) 843-0598
(261) 955-8712,602. (261) 955-8712,(261) 955-8712
(560) 112-4870,603. (560) 112-4870,(560) 112-4870
(390) 220-6223,604. (390) 220-6223,(390) 220-6223
(709) 500-5650,605. (709) 500-5650,(709) 500-5650
(476) 569-0261,606. (476) 569-0261,(476) 569-0261
(815) 683-9444,607. (815) 683-9444,(815) 683-9444
(781) 217-9404,608. (781) 217-9404,(781) 217-9404
(976) 174-4763,609. (976) 174-4763,(976) 174-4763
(810) 879-1445,610. (810) 879-1445,(810) 879-1445
(189) 685-5177,611. (189) 685-5177,(189) 685-5177
(218) 577-4149,612. (218) 577-4149,(218) 577-4149
(312) 918-5764,613. (312) 918-5764,(312) 918-5764
(536) 425-0007,614. (536) 425-0007,(536) 425-0007
(156) 343-8797,615. (156) 343-8797,(156) 343-8797
(205) 239-8679,616. (205) 239-8679,(205) 239-8679
(196) 932-1208,617. (196) 932-1208,(196) 932-1208
(492) 221-5005,618. (492) 221-5005,(492) 221-5005
(498) 796-4271,619. (498) 796-4271,(498) 796-4271
(616) 376-5386,620. (616) 376-5386,(616) 376-5386
(488) 633-7994,621. (488) 633-7994,(488) 633-7994
(856) 449-5403,622. (856) 449-5403,(856) 449-5403
(204) 911-6976,623. (204) 911-6976,(204) 911-6976
(585) 541-5470,624. (585) 541-5470,(585) 541-5470
(426) 354-5517,625. (426) 354-5517,(426) 354-5517
(808) 685-4065,626. (808) 685-4065,(808) 685-4065
(761) 386-7010,627. (761) 386-7010,(761) 386-7010
(245) 305-8787,628. (245) 305-8787,(245) 305-8787
(395) 461-7489,629. (395) 461-7489,(395) 461-7489
(823) 618-1928,630. (823) 618-1928,(823) 618-1928
(196) 809-3629,631. (196) 809-3629,(196) 809-3629
(565) 817-7090,632. (565) 817-7090,(565) 817-7090
(466) 983-1053,633. (466) 983-1053,(466) 983-1053
(274) 521-9528,634. (274) 521-9528,(274) 521-9528
(746) 620-4742,635. (746) 620-4742,(746) 620-4742
(481) 105-9230,636. (481) 105-9230,(481) 105-9230
(718) 779-2744,637. (718) 779-2744,(718) 779-2744
(240) 233-2769,638. (240) 233-2769,(240) 233-2769
(153) 915-0786,639. (153) 915-0786,(153) 915-0786
(981) 962-6223,640. (981) 962-6223,(981) 962-6223
(647) 898-2180,641. (647) 898-2180,(647) 898-2180
(807) 688-9976,642. (807) 688-9976,(807) 688-9976
(829) 774-6677,643. (829) 774-6677,(829) 774-6677
(841) 116-9560,644. (841) 116-9560,(841) 116-9560
(604) 687-5979,645. (604) 687-5979,(604) 687-5979
(758) 128-8422,646. (758) 128-8422,(758) 128-8422
(428) 808-4386,647. (428) 808-4386,(428) 808-4386
(624) 126-6410,648. (624) 126-6410,(624) 126-6410
(146) 853-2716,649. (146) 853-2716,(146) 853-2716
(629) 550-3380,650. (629) 550-3380,(629) 550-3380
(959) 359-8260,651. (959) 359-8260,(959) 359-8260
(624) 911-8382,652. (624) 911-8382,(624) 911-8382
(102) 123-1968,653. (102) 123-1968,(102) 123-1968
(456) 506-0933,654. (456) 506-0933,(456) 506-0933
(983) 387-1776,655. (983) 387-1776,(983) 387-1776
(971) 773-8301,656. (971) 773-8301,(971) 773-8301
(857) 413-7139,657. (857) 413-7139,(857) 413-7139
(391) 294-5103,658. (391) 294-5103,(391) 294-5103
(881) 277-4934,659. (881) 277-4934,(881) 277-4934
(955) 870-0843,660. (955) 870-0843,(955) 870-0843
(116) 399-6855,661. (116) 399-6855,(116) 399-6855
(108) 521-9003,662. (108) 521-9003,(108) 521-9003
(350) 672-9735,663. (350) 672-9735,(350) 672-9735
(718) 480-5320,664. (718) 480-5320,(718) 480-5320
(140) 824-6778,665. (140) 824-6778,(140) 824-6778
(498) 671-0813,666. (498) 671-0813,(498) 671-0813
(333) 887-7484,667. (333) 887-7484,(333) 887-7484
(414) 878-5946,668. (414) 878-5946,(414) 878-5946
(137) 295-0980,669. (137) 295-0980,(137) 295-0980
(472) 864-1037,670. (472) 864-1037,(472) 864-1037
(723) 458-7400,671. (723) 458-7400,(723) 458-7400
(374) 260-3174,672. (374) 260-3174,(374) 260-3174
(708) 246-6254,673. (708) 246-6254,(708) 246-6254
(965) 617-3318,674. (965) 617-3318,(965) 617-3318
(820) 187-0628,675. (820) 187-0628,(820) 187-0628
(450) 972-1996,676. (450) 972-1996,(450) 972-1996
(586) 995-3736,677. (586) 995-3736,(586) 995-3736
(288) 700-6721,678. (288) 700-6721,(288) 700-6721
(356) 582-9268,679. (356) 582-9268,(356) 582-9268
(767) 161-8584,680. (767) 161-8584,(767) 161-8584
(591) 651-8396,681. (591) 651-8396,(591) 651-8396
(637) 427-7118,682. (637) 427-7118,(637) 427-7118
(297) 773-6868,683. (297) 773-6868,(297) 773-6868
(777) 307-4146,684. (777) 307-4146,(777) 307-4146
(894) 845-8595,685. (894) 845-8595,(894) 845-8595
(604) 421-6171,686. (604) 421-6171,(604) 421-6171
(516) 130-4593,687. (516) 130-4593,(516) 130-4593
(218) 492-8586,688. (218) 492-8586,(218) 492-8586
(724) 372-4051,689. (724) 372-4051,(724) 372-4051
(909) 677-1484,690. (909) 677-1484,(909) 677-1484
(363) 261-6746,691. (363) 261-6746,(363) 261-6746
(325) 268-4631,692. (325) 268-4631,(325) 268-4631
(363) 874-0050,693. (363) 874-0050,(363) 874-0050
(156) 637-7096,694. (156) 637-7096,(156) 637-7096
(935) 680-8664,695. (935) 680-8664,(935) 680-8664
(749) 950-4999,696. (749) 950-4999,(749) 950-4999
(669) 263-7564,697. (669) 263-7564,(669) 263-7564
(218) 394-0887,698. (218) 394-0887,(218) 394-0887
(203) 706-2906,699. (203) 706-2906,(203) 706-2906
(686) 195-2671,700. (686) 195-2671,(686) 195-2671
(566) 727-8593,701. (566) 727-8593,(566) 727-8593
(931) 858-1875,702. (931) 858-1875,(931) 858-1875
(104) 914-6568,703. (104) 914-6568,(104) 914-6568
(654) 729-5220,704. (654) 729-5220,(654) 729-5220
(531) 900-7968,705. (531) 900-7968,(531) 900-7968
(452) 680-4182,706. (452) 680-4182,(452) 680-4182
(798) 280-4807,707. (798) 280-4807,(798) 280-4807
(214) 191-8414,708. (214) 191-8414,(214) 191-8414
(709) 121-2710,709. (709) 121-2710,(709) 121-2710
(186) 780-8141,710. (186) 780-8141,(186) 780-8141
(721) 378-5537,711. (721) 378-5537,(721) 378-5537
(541) 826-2835,712. (541) 826-2835,(541) 826-2835
(530) 216-8260,713. (530) 216-8260,(530) 216-8260
(526) 528-4533,714. (526) 528-4533,(526) 528-4533
(802) 160-0872,715. (802) 160-0872,(802) 160-0872
(362) 251-9464,716. (362) 251-9464,(362) 251-9464
(710) 417-6247,717. (710) 417-6247,(710) 417-6247
(618) 242-0291,718. (618) 242-0291,(618) 242-0291
(270) 981-4828,719. (270) 981-4828,(270) 981-4828
(295) 902-5139,720. (295) 902-5139,(295) 902-5139
(844) 382-2449,721. (844) 382-2449,(844) 382-2449
(553) 380-1405,722. (553) 380-1405,(553) 380-1405
(826) 471-2521,723. (826) 471-2521,(826) 471-2521
(125) 577-4209,724. (125) 577-4209,(125) 577-4209
(772) 865-6916,725. (772) 865-6916,(772) 865-6916
(748) 168-6702,726. (748) 168-6702,(748) 168-6702
(937) 949-9802,727. (937) 949-9802,(937) 949-9802
(986) 900-7069,728. (986) 900-7069,(986) 900-7069
(312) 658-8093,729. (312) 658-8093,(312) 658-8093
(602) 358-5805,730. (602) 358-5805,(602) 358-5805
(610) 721-9371,731. (610) 721-9371,(610) 721-9371
(818) 596-6687,732. (818) 596-6687,(818) 596-6687
(391) 610-8171,733. (391) 610-8171,(391) 610-8171
(173) 601-3438,734. (173) 601-3438,(173) 601-3438
(361) 426-8798,735. (361) 426-8798,(361) 426-8798
(177) 850-4492,736. (177) 850-4492,(177) 850-4492
(403) 291-0103,737. (403) 291-0103,(403) 291-0103
(144) 459-8006,738. (144) 459-8006,(144) 459-8006
(151) 551-4455,739. (151) 551-4455,(151) 551-4455
(350) 281-9507,740. (350) 281-9507,(350) 281-9507
(129) 760-2212,741. (129) 760-2212,(129) 760-2212
(146) 635-6917,742. (146) 635-6917,(146) 635-6917
(432) 844-6978,743. (432) 844-6978,(432) 844-6978
(415) 170-0937,744. (415) 170-0937,(415) 170-0937
(374) 418-9257,745. (374) 418-9257,(374) 418-9257
(481) 217-9576,746. (481) 217-9576,(481) 217-9576
(821) 477-9430,747. (821) 477-9430,(821) 477-9430
(997) 333-7125,748. (997) 333-7125,(997) 333-7125
(454) 861-1923,749. (454) 861-1923,(454) 861-1923
(672) 558-6193,750. (672) 558-6193,(672) 558-6193
(839) 215-4463,751. (839) 215-4463,(839) 215-4463
(574) 708-7980,752. (574) 708-7980,(574) 708-7980
(313) 562-5141,753. (313) 562-5141,(313) 562-5141
(414) 359-9175,754. (414) 359-9175,(414) 359-9175
(930) 165-1684,755. (930) 165-1684,(930) 165-1684
(466) 808-9306,756. (466) 808-9306,(466) 808-9306
(235) 649-4943,757. (235) 649-4943,(235) 649-4943
(428) 803-1059,758. (428) 803-1059,(428) 803-1059
(101) 131-6377,759. (101) 131-6377,(101) 131-6377
(593) 859-2088,760. (593) 859-2088,(593) 859-2088
(154) 994-0669,761. (154) 994-0669,(154) 994-0669
(450) 224-3339,762. (450) 224-3339,(450) 224-3339
(123) 462-5252,763. (123) 462-5252,(123) 462-5252
(509) 367-1579,764. (509) 367-1579,(509) 367-1579
(602) 966-9289,765. (602) 966-9289,(602) 966-9289
(670) 838-1835,766. (670) 838-1835,(670) 838-1835
(133) 391-2170,767. (133) 391-2170,(133) 391-2170
(398) 435-5762,768. (398) 435-5762,(398) 435-5762
(188) 975-1573,769. (188) 975-1573,(188) 975-1573
(829) 349-6675,770. (829) 349-6675,(829) 349-6675
(193) 319-2791,771. (193) 319-2791,(193) 319-2791
(163) 924-7668,772. (163) 924-7668,(163) 924-7668
(365) 935-1812,773. (365) 935-1812,(365) 935-1812
(304) 442-4818,774. (304) 442-4818,(304) 442-4818
(440) 382-9052,775. (440) 382-9052,(440) 382-9052
(763) 148-5948,776. (763) 148-5948,(763) 148-5948
(650) 936-4257,777. (650) 936-4257,(650) 936-4257
(743) 395-0443,778. (743) 395-0443,(743) 395-0443
(886) 566-1257,779. (886) 566-1257,(886) 566-1257
(876) 534-1177,780. (876) 534-1177,(876) 534-1177
(726) 802-4087,781. (726) 802-4087,(726) 802-4087
(212) 315-3404,782. (212) 315-3404,(212) 315-3404
(805) 177-8095,783. (805) 177-8095,(805) 177-8095
(333) 292-1452,784. (333) 292-1452,(333) 292-1452
(538) 381-2152,785. (538) 381-2152,(538) 381-2152
(135) 919-8409,786. (135) 919-8409,(135) 919-8409
(905) 897-8918,787. (905) 897-8918,(905) 897-8918
(361) 268-4907,788. (361) 268-4907,(361) 268-4907
(314) 150-0192,789. (314) 150-0192,(314) 150-0192
(563) 897-3319,790. (563) 897-3319,(563) 897-3319
(391) 409-1627,791. (391) 409-1627,(391) 409-1627
(549) 787-0200,792. (549) 787-0200,(549) 787-0200
(639) 118-3179,793. (639) 118-3179,(639) 118-3179
(453) 639-0376,794. (453) 639-0376,(453) 639-0376
(830) 278-6454,795. (830) 278-6454,(830) 278-6454
(216) 175-5279,796. (216) 175-5279,(216) 175-5279
(236) 771-5938,797. (236) 771-5938,(236) 771-5938
(637) 385-0079,798. (637) 385-0079,(637) 385-0079
(320) 846-9890,799. (320) 846-9890,(320) 846-9890
(579) 827-5340,800. (579) 827-5340,(579) 827-5340
(956) 123-3131,801. (956) 123-3131,(956) 123-3131
(103) 850-6629,802. (103) 850-6629,(103) 850-6629
(689) 993-0560,803. (689) 993-0560,(689) 993-0560
(659) 463-1594,804. (659) 463-1594,(659) 463-1594
(230) 183-3189,805. (230) 183-3189,(230) 183-3189
(930) 333-9283,806. (930) 333-9283,(930) 333-9283
(267) 711-5946,807. (267) 711-5946,(267) 711-5946
(703) 454-9603,808. (703) 454-9603,(703) 454-9603
(108) 530-7084,809. (108) 530-7084,(108) 530-7084
(812) 737-1165,810. (812) 737-1165,(812) 737-1165
(362) 590-8439,811. (362) 590-8439,(362) 590-8439
(956) 778-0508,812. (956) 778-0508,(956) 778-0508
(231) 268-8898,813. (231) 268-8898,(231) 268-8898
(627) 326-6743,814. (627) 326-6743,(627) 326-6743
(819) 882-3587,815. (819) 882-3587,(819) 882-3587
(521) 190-9283,816. (521) 190-9283,(521) 190-9283
(520) 646-8549,817. (520) 646-8549,(520) 646-8549
(626) 758-7583,818. (626) 758-7583,(626) 758-7583
(837) 130-9676,819. (837) 130-9676,(837) 130-9676
(647) 480-5951,820. (647) 480-5951,(647) 480-5951
(122) 300-1556,821. (122) 300-1556,(122) 300-1556
(432) 869-1189,822. (432) 869-1189,(432) 869-1189
(779) 712-7726,823. (779) 712-7726,(779) 712-7726
(486) 566-0684,824. (486) 566-0684,(486) 566-0684
(985) 259-4695,825. (985) 259-4695,(985) 259-4695
(734) 393-4150,826. (734) 393-4150,(734) 393-4150
(379) 443-0322,827. (379) 443-0322,(379) 443-0322
(132) 251-8526,828. (132) 251-8526,(132) 251-8526
(318) 482-7117,829. (318) 482-7117,(318) 482-7117
(243) 963-0920,830. (243) 963-0920,(243) 963-0920
(138) 659-1158,831. (138) 659-1158,(138) 659-1158
(246) 480-0548,832. (246) 480-0548,(246) 480-0548
(298) 187-7866,833. (298) 187-7866,(298) 187-7866
(321) 992-8992,834. (321) 992-8992,(321) 992-8992
(880) 869-9717,835. (880) 869-9717,(880) 869-9717
(249) 437-6549,836. (249) 437-6549,(249) 437-6549
(727) 341-8549,837. (727) 341-8549,(727) 341-8549
(355) 512-1846,838. (355) 512-1846,(355) 512-1846
(117) 924-7567,839. (117) 924-7567,(117) 924-7567
(214) 876-3999,840. (214) 876-3999,(214) 876-3999
(676) 790-1597,841. (676) 790-1597,(676) 790-1597
(987) 770-3836,842. (987) 770-3836,(987) 770-3836
(603) 320-7742,843. (603) 320-7742,(603) 320-7742
(118) 675-5484,844. (118) 675-5484,(118) 675-5484
(779) 898-5277,845. (779) 898-5277,(779) 898-5277
(574) 731-8109,846. (574) 731-8109,(574) 731-8109
(463) 623-5971,847. (463) 623-5971,(463) 623-5971
(864) 672-3237,848. (864) 672-3237,(864) 672-3237
(364) 306-5756,849. (364) 306-5756,(364) 306-5756
(182) 530-7944,850. (182) 530-7944,(182) 530-7944
(334) 975-1436,851. (334) 975-1436,(334) 975-1436
(408) 843-3078,852. (408) 843-3078,(408) 843-3078
(947) 248-0931,853. (947) 248-0931,(947) 248-0931
(307) 945-6836,854. (307) 945-6836,(307) 945-6836
(219) 312-1604,855. (219) 312-1604,(219) 312-1604
(134) 931-2994,856. (134) 931-2994,(134) 931-2994
(403) 826-5732,857. (403) 826-5732,(403) 826-5732
(786) 309-3065,858. (786) 309-3065,(786) 309-3065
(340) 240-6461,859. (340) 240-6461,(340) 240-6461
(800) 630-7695,860. (800) 630-7695,(800) 630-7695
(654) 161-6769,861. (654) 161-6769,(654) 161-6769
(322) 860-3247,862. (322) 860-3247,(322) 860-3247
(185) 504-3609,863. (185) 504-3609,(185) 504-3609
(164) 315-9338,864. (164) 315-9338,(164) 315-9338
(709) 752-6997,865. (709) 752-6997,(709) 752-6997
(203) 906-1281,866. (203) 906-1281,(203) 906-1281
(851) 357-1701,867. (851) 357-1701,(851) 357-1701
(248) 586-9471,868. (248) 586-9471,(248) 586-9471
(902) 584-0116,869. (902) 584-0116,(902) 584-0116
(415) 192-4369,870. (415) 192-4369,(415) 192-4369
(470) 411-0058,871. (470) 411-0058,(470) 411-0058
(887) 447-3006,872. (887) 447-3006,(887) 447-3006
(719) 515-6411,873. (719) 515-6411,(719) 515-6411
(546) 448-7575,874. (546) 448-7575,(546) 448-7575
(477) 442-2660,875. (477) 442-2660,(477) 442-2660
(821) 788-5325,876. (821) 788-5325,(821) 788-5325
(283) 386-3928,877. (283) 386-3928,(283) 386-3928
(286) 169-9190,878. (286) 169-9190,(286) 169-9190
(170) 757-9658,879. (170) 757-9658,(170) 757-9658
(753) 355-3118,880. (753) 355-3118,(753) 355-3118
(508) 428-1440,881. (508) 428-1440,(508) 428-1440
(153) 885-6762,882. (153) 885-6762,(153) 885-6762
(494) 642-9464,883. (494) 642-9464,(494) 642-9464
(908) 801-8176,884. (908) 801-8176,(908) 801-8176
(795) 172-7883,885. (795) 172-7883,(795) 172-7883
(838) 644-0556,886. (838) 644-0556,(838) 644-0556
(371) 564-9303,887. (371) 564-9303,(371) 564-9303
(565) 685-7199,888. (565) 685-7199,(565) 685-7199
(375) 938-0508,889. (375) 938-0508,(375) 938-0508
(321) 143-6573,890. (321) 143-6573,(321) 143-6573
(797) 818-4238,891. (797) 818-4238,(797) 818-4238
(161) 220-3988,892. (161) 220-3988,(161) 220-3988
(433) 164-1675,893. (433) 164-1675,(433) 164-1675
(718) 626-9268,894. (718) 626-9268,(718) 626-9268
(230) 695-9269,895. (230) 695-9269,(230) 695-9269
(752) 878-8076,896. (752) 878-8076,(752) 878-8076
(148) 186-4580,897. (148) 186-4580,(148) 186-4580
(614) 904-6009,898. (614) 904-6009,(614) 904-6009
(154) 905-1056,899. (154) 905-1056,(154) 905-1056
(537) 808-2491,900. (537) 808-2491,(537) 808-2491
(608) 564-8017,901. (608) 564-8017,(608) 564-8017
(951) 169-3337,902. (951) 169-3337,(951) 169-3337
(617) 872-1881,903. (617) 872-1881,(617) 872-1881
(285) 246-3639,904. (285) 246-3639,(285) 246-3639
(909) 732-7570,905. (909) 732-7570,(909) 732-7570
(193) 799-8032,906. (193) 799-8032,(193) 799-8032
(547) 658-6920,907. (547) 658-6920,(547) 658-6920
(785) 324-5130,908. (785) 324-5130,(785) 324-5130
(711) 558-7442,909. (711) 558-7442,(711) 558-7442
(657) 924-1331,910. (657) 924-1331,(657) 924-1331
(194) 264-1506,911. (194) 264-1506,(194) 264-1506
(531) 269-4705,912. (531) 269-4705,(531) 269-4705
(468) 752-9642,913. (468) 752-9642,(468) 752-9642
(292) 711-7994,914. (292) 711-7994,(292) 711-7994
(868) 785-7776,915. (868) 785-7776,(868) 785-7776
(496) 813-9533,916. (496) 813-9533,(496) 813-9533
(792) 986-0219,917. (792) 986-0219,(792) 986-0219
(151) 114-4346,918. (151) 114-4346,(151) 114-4346
(582) 889-4555,919. (582) 889-4555,(582) 889-4555
(449) 100-1963,920. (449) 100-1963,(449) 100-1963
(691) 492-4086,921. (691) 492-4086,(691) 492-4086
(652) 629-0978,922. (652) 629-0978,(652) 629-0978
(774) 230-7098,923. (774) 230-7098,(774) 230-7098
(504) 853-0870,924. (504) 853-0870,(504) 853-0870
(583) 422-5077,925. (583) 422-5077,(583) 422-5077
(485) 331-5813,926. (485) 331-5813,(485) 331-5813
(598) 290-6618,927. (598) 290-6618,(598) 290-6618
(724) 125-2440,928. (724) 125-2440,(724) 125-2440
(739) 510-4509,929. (739) 510-4509,(739) 510-4509
(595) 423-3169,930. (595) 423-3169,(595) 423-3169
(141) 418-3820,931. (141) 418-3820,(141) 418-3820
(648) 361-9447,932. (648) 361-9447,(648) 361-9447
(544) 879-0946,933. (544) 879-0946,(544) 879-0946
(414) 383-1213,934. (414) 383-1213,(414) 383-1213
(594) 510-5755,935. (594) 510-5755,(594) 510-5755
(539) 904-7176,936. (539) 904-7176,(539) 904-7176
(336) 816-5543,937. (336) 816-5543,(336) 816-5543
(781) 983-2964,938. (781) 983-2964,(781) 983-2964
(724) 511-7665,939. (724) 511-7665,(724) 511-7665
(657) 593-8703,940. (657) 593-8703,(657) 593-8703
(428) 830-7585,941. (428) 830-7585,(428) 830-7585
(206) 742-8048,942. (206) 742-8048,(206) 742-8048
(263) 103-7710,943. (263) 103-7710,(263) 103-7710
(793) 934-5915,944. (793) 934-5915,(793) 934-5915
(579) 544-9835,945. (579) 544-9835,(579) 544-9835
(896) 336-6993,946. (896) 336-6993,(896) 336-6993
(542) 752-6182,947. (542) 752-6182,(542) 752-6182
(331) 982-3086,948. (331) 982-3086,(331) 982-3086
(701) 264-5965,949. (701) 264-5965,(701) 264-5965
(643) 840-7177,950. (643) 840-7177,(643) 840-7177
(593) 302-6025,951. (593) 302-6025,(593) 302-6025
(855) 620-3967,952. (855) 620-3967,(855) 620-3967
(678) 211-5200,953. (678) 211-5200,(678) 211-5200
(147) 617-6462,954. (147) 617-6462,(147) 617-6462
(713) 737-4844,955. (713) 737-4844,(713) 737-4844
(809) 683-0884,956. (809) 683-0884,(809) 683-0884
(872) 846-1575,957. (872) 846-1575,(872) 846-1575
(714) 497-6621,958. (714) 497-6621,(714) 497-6621
(123) 439-5698,959. (123) 439-5698,(123) 439-5698
(893) 896-1030,960. (893) 896-1030,(893) 896-1030
(219) 867-6676,961. (219) 867-6676,(219) 867-6676
(504) 621-4533,962. (504) 621-4533,(504) 621-4533
(895) 799-2178,963. (895) 799-2178,(895) 799-2178
(197) 289-8476,964. (197) 289-8476,(197) 289-8476
(724) 935-6750,965. (724) 935-6750,(724) 935-6750
(212) 736-7565,966. (212) 736-7565,(212) 736-7565
(147) 919-2355,967. (147) 919-2355,(147) 919-2355
(601) 858-9040,968. (601) 858-9040,(601) 858-9040
(477) 347-7360,969. (477) 347-7360,(477) 347-7360
(550) 278-9672,970. (550) 278-9672,(550) 278-9672
(546) 966-8882,971. (546) 966-8882,(546) 966-8882
(862) 867-6071,972. (862) 867-6071,(862) 867-6071
(424) 852-3165,973. (424) 852-3165,(424) 852-3165
(825) 122-6501,974. (825) 122-6501,(825) 122-6501
(518) 825-8933,975. (518) 825-8933,(518) 825-8933
(492) 974-2863,976. (492) 974-2863,(492) 974-2863
(207) 891-7890,977. (207) 891-7890,(207) 891-7890
(841) 456-9835,978. (841) 456-9835,(841) 456-9835
(344) 751-4851,979. (344) 751-4851,(344) 751-4851
(980) 570-5241,980. (980) 570-5241,(980) 570-5241
(664) 208-4943,981. (664) 208-4943,(664) 208-4943
(225) 655-3813,982. (225) 655-3813,(225) 655-3813
(207) 726-3759,983. (207) 726-3759,(207) 726-3759
(847) 835-2129,984. (847) 835-2129,(847) 835-2129
(767) 395-2647,985. (767) 395-2647,(767) 395-2647
(516) 951-2454,986. (516) 951-2454,(516) 951-2454
(339) 831-6886,987. (339) 831-6886,(339) 831-6886
(643) 868-7245,988. (643) 868-7245,(643) 868-7245
(989) 276-2393,989. (989) 276-2393,(989) 276-2393
(926) 467-2314,990. (926) 467-2314,(926) 467-2314
(210) 656-2486,991. (210) 656-2486,(210) 656-2486
(958) 870-6331,992. (958) 870-6331,(958) 870-6331
(106) 394-8267,993. (106) 394-8267,(106) 394-8267
(611) 984-4662,994. (611) 984-4662,(611) 984-4662
(258) 247-3978,995. (258) 247-3978,(258) 247-3978
(564) 228-1754,996. (564) 228-1754,(564) 228-1754
(213) 882-3570,997. (213) 882-3570,(213) 882-3570
(914) 427-5691,998. (914) 427-5691,(914) 427-5691
(724) 117-3723,999. (724) 117-3723,(724) 117-3723
(506) 383-1891,1000. (506) 383-1891,(506) 383-1891
